<?xml version="1.0" encoding="UTF-8"?>
<!DOCTYPE suite SYSTEM "https://testng.org/testng-1.0.dtd">
<suite name="Suite">
  <test thread-count="5" name="Test">
    <classes>
      <class name="org.qa.tests.Registerclass"/>
      <class name="org.qa.tests.alertclass"/>
      <class name="org.qa.tests.windowclass"/>
      <class name="org.qa.tests.framesclass"/>
      <class name="org.qa.tests.datepickerclass"/>
      <class name="org.qa.tests.selectableclass"/>
      <class name="org.qa.tests.gilleteindclass"/>
      <class name="org.qa.tests.gilleteausclass"/>
    </classes>
  </test> <!-- Test -->
</suite> <!-- Suite -->
